project,sha,url,subproject,flaky_test
hector,9750f381caa386878ef3eb5509fd7594de8fe1ad,git@github.com:hector-client/hector.git,./core,me.prettyprint.hector.api.ApiV2SystemTest.testSuperInsertGetRemove
hector,9750f381caa386878ef3eb5509fd7594de8fe1ad,git@github.com:hector-client/hector.git,./core,me.prettyprint.cassandra.service.KeyspaceTest.testGetSuperColumn
hector,9750f381caa386878ef3eb5509fd7594de8fe1ad,git@github.com:hector-client/hector.git,./core,me.prettyprint.cassandra.model.MutatorTest.testSubDelete
hector,9750f381caa386878ef3eb5509fd7594de8fe1ad,git@github.com:hector-client/hector.git,./core,me.prettyprint.hector.api.ApiV2SystemTest.testMultigetSubSliceQuery
hector,9750f381caa386878ef3eb5509fd7594de8fe1ad,git@github.com:hector-client/hector.git,./core,me.prettyprint.hector.api.ApiV2SystemTest.testSuperSliceQuery
hector,9750f381caa386878ef3eb5509fd7594de8fe1ad,git@github.com:hector-client/hector.git,./core,me.prettyprint.cassandra.dao.SimpleCassandraDaoTest.testInsertGetDelete
hector,9750f381caa386878ef3eb5509fd7594de8fe1ad,git@github.com:hector-client/hector.git,./core,me.prettyprint.hector.api.ApiV2SystemTest.testRangeSubSlicesQuery
hector,9750f381caa386878ef3eb5509fd7594de8fe1ad,git@github.com:hector-client/hector.git,./core,me.prettyprint.hector.api.ApiV2SystemTest.testSubCountQuery
hector,9750f381caa386878ef3eb5509fd7594de8fe1ad,git@github.com:hector-client/hector.git,./core,me.prettyprint.hector.api.ApiV2SystemTest.testCountQuery
hector,9750f381caa386878ef3eb5509fd7594de8fe1ad,git@github.com:hector-client/hector.git,./core,me.prettyprint.cassandra.service.KeyspaceTest.testGetConsistencyLevel
hector,9750f381caa386878ef3eb5509fd7594de8fe1ad,git@github.com:hector-client/hector.git,./core,me.prettyprint.cassandra.service.KeyspaceTest.testMultigetSlice_1
hector,9750f381caa386878ef3eb5509fd7594de8fe1ad,git@github.com:hector-client/hector.git,./core,me.prettyprint.hector.api.ApiV2SystemTest.testMultigetSuperSliceQuery
hector,9750f381caa386878ef3eb5509fd7594de8fe1ad,git@github.com:hector-client/hector.git,./core,me.prettyprint.cassandra.service.CassandraAuthTest.testDescribeKeyspaces
hector,9750f381caa386878ef3eb5509fd7594de8fe1ad,git@github.com:hector-client/hector.git,./core,me.prettyprint.hector.api.ApiV2SystemTest.testSuperCountQuery
hector,9750f381caa386878ef3eb5509fd7594de8fe1ad,git@github.com:hector-client/hector.git,./core,me.prettyprint.hector.api.ApiV2SystemTest.testSliceQuery
hector,9750f381caa386878ef3eb5509fd7594de8fe1ad,git@github.com:hector-client/hector.git,./core,me.prettyprint.hector.api.ApiV2SystemTest.testInsertGetRemove
hector,9750f381caa386878ef3eb5509fd7594de8fe1ad,git@github.com:hector-client/hector.git,./core,me.prettyprint.cassandra.service.CassandraAuthTest.testDescribeKeyspacesBadAuth
hector,9750f381caa386878ef3eb5509fd7594de8fe1ad,git@github.com:hector-client/hector.git,./core,me.prettyprint.cassandra.service.CassandraClusterTest.testAddDropColumnFamily
hector,9750f381caa386878ef3eb5509fd7594de8fe1ad,git@github.com:hector-client/hector.git,./core,me.prettyprint.cassandra.service.KeyspaceTest.testGetKeyspaceName
hector,9750f381caa386878ef3eb5509fd7594de8fe1ad,git@github.com:hector-client/hector.git,./core,me.prettyprint.cassandra.service.KeyspaceTest.testBatchUpdateInsertAndDelOnSame
hector,9750f381caa386878ef3eb5509fd7594de8fe1ad,git@github.com:hector-client/hector.git,./core,me.prettyprint.cassandra.service.CassandraClusterTest.testEditKeyspace
hector,9750f381caa386878ef3eb5509fd7594de8fe1ad,git@github.com:hector-client/hector.git,./core,me.prettyprint.cassandra.connection.HConnectionManagerTest.testAddCassandraHostFail
hector,9750f381caa386878ef3eb5509fd7594de8fe1ad,git@github.com:hector-client/hector.git,./core,me.prettyprint.hector.api.ApiV2SystemTest.testRangeSlicesQuery
hector,9750f381caa386878ef3eb5509fd7594de8fe1ad,git@github.com:hector-client/hector.git,./core,me.prettyprint.hector.api.ApiV2SystemTest.testSubColumnQuery
hector,9750f381caa386878ef3eb5509fd7594de8fe1ad,git@github.com:hector-client/hector.git,./core,me.prettyprint.cassandra.model.MutatorTest.testBatchMutationManagement
hector,9750f381caa386878ef3eb5509fd7594de8fe1ad,git@github.com:hector-client/hector.git,./core,me.prettyprint.cassandra.model.MutatorTest.testInsertSuper
hector,9750f381caa386878ef3eb5509fd7594de8fe1ad,git@github.com:hector-client/hector.git,./core,me.prettyprint.cassandra.connection.HConnectionManagerTest.testRemoveHost
hector,9750f381caa386878ef3eb5509fd7594de8fe1ad,git@github.com:hector-client/hector.git,./core,me.prettyprint.hector.api.ApiV2SystemTest.testSubSliceQuery
hector,9750f381caa386878ef3eb5509fd7594de8fe1ad,git@github.com:hector-client/hector.git,./core,me.prettyprint.hector.api.ApiV2SystemTest.testRangeSuperSlicesQuery
hector,9750f381caa386878ef3eb5509fd7594de8fe1ad,git@github.com:hector-client/hector.git,./core,me.prettyprint.cassandra.service.KeyspaceTest.testGetSlice
hector,9750f381caa386878ef3eb5509fd7594de8fe1ad,git@github.com:hector-client/hector.git,./core,me.prettyprint.cassandra.service.CassandraClusterTest.testDescribeRing
hector,9750f381caa386878ef3eb5509fd7594de8fe1ad,git@github.com:hector-client/hector.git,./core,me.prettyprint.cassandra.service.KeyspaceTest.testInsertAndGetAndRemove
hector,9750f381caa386878ef3eb5509fd7594de8fe1ad,git@github.com:hector-client/hector.git,./core,me.prettyprint.cassandra.service.CassandraClusterTest.testDescribeKeyspace
hector,9750f381caa386878ef3eb5509fd7594de8fe1ad,git@github.com:hector-client/hector.git,./core,me.prettyprint.cassandra.model.MutatorTest.testRowDeletion
hector,9750f381caa386878ef3eb5509fd7594de8fe1ad,git@github.com:hector-client/hector.git,./core,me.prettyprint.hector.api.ApiV2SystemTest.testMultigetSliceQuery
hector,9750f381caa386878ef3eb5509fd7594de8fe1ad,git@github.com:hector-client/hector.git,./core,me.prettyprint.cassandra.connection.ConcurrentHClientPoolTest.testBorrowRelease
hector,9750f381caa386878ef3eb5509fd7594de8fe1ad,git@github.com:hector-client/hector.git,./core,me.prettyprint.cassandra.service.CassandraAuthTest.testDescribeKeyspace
hector,9750f381caa386878ef3eb5509fd7594de8fe1ad,git@github.com:hector-client/hector.git,./core,me.prettyprint.cassandra.service.CassandraClusterTest.testDescribeClusterName
hector,9750f381caa386878ef3eb5509fd7594de8fe1ad,git@github.com:hector-client/hector.git,./core,me.prettyprint.cassandra.service.CassandraClusterTest.testEditColumnFamily
hector,9750f381caa386878ef3eb5509fd7594de8fe1ad,git@github.com:hector-client/hector.git,./core,me.prettyprint.cassandra.service.CassandraClusterTest.testDescribePartitioner
hector,9750f381caa386878ef3eb5509fd7594de8fe1ad,git@github.com:hector-client/hector.git,./core,me.prettyprint.hector.api.ApiV2SystemTest.testBatchInsertGetRemove
hector,9750f381caa386878ef3eb5509fd7594de8fe1ad,git@github.com:hector-client/hector.git,./core,me.prettyprint.cassandra.service.KeyspaceTest.testMultigetSuperSlice
hector,9750f381caa386878ef3eb5509fd7594de8fe1ad,git@github.com:hector-client/hector.git,./core,me.prettyprint.cassandra.examples.ExampleDaoV2Test.testInsertGetDelete
hector,9750f381caa386878ef3eb5509fd7594de8fe1ad,git@github.com:hector-client/hector.git,./core,me.prettyprint.cassandra.service.KeyspaceTest.testMultigetSuperColumn
hector,9750f381caa386878ef3eb5509fd7594de8fe1ad,git@github.com:hector-client/hector.git,./core,me.prettyprint.cassandra.service.CassandraAuthTest.testInsertAndGetAndRemoveBadAuth
hector,9750f381caa386878ef3eb5509fd7594de8fe1ad,git@github.com:hector-client/hector.git,./core,me.prettyprint.cassandra.connection.HThriftClientTest.testGetCassandraNotOpen
hector,9750f381caa386878ef3eb5509fd7594de8fe1ad,git@github.com:hector-client/hector.git,./core,me.prettyprint.cassandra.model.MutatorTest.testInsert
hector,9750f381caa386878ef3eb5509fd7594de8fe1ad,git@github.com:hector-client/hector.git,./core,me.prettyprint.cassandra.service.KeyspaceTest.testGetRangeSlice
hector,9750f381caa386878ef3eb5509fd7594de8fe1ad,git@github.com:hector-client/hector.git,./core,me.prettyprint.cassandra.service.CassandraClusterTest.testDescribeThriftVersion
hector,9750f381caa386878ef3eb5509fd7594de8fe1ad,git@github.com:hector-client/hector.git,./core,me.prettyprint.cassandra.service.KeyspaceTest.testMultigetSlice
hector,9750f381caa386878ef3eb5509fd7594de8fe1ad,git@github.com:hector-client/hector.git,./core,me.prettyprint.cassandra.model.IndexedSlicesQueryTest.testInsertGetRemove
hector,9750f381caa386878ef3eb5509fd7594de8fe1ad,git@github.com:hector-client/hector.git,./core,me.prettyprint.cassandra.model.RangeSlicesQueryTest.testKeysOnlyPredicate
hector,9750f381caa386878ef3eb5509fd7594de8fe1ad,git@github.com:hector-client/hector.git,./core,me.prettyprint.cassandra.service.CassandraAuthTest.testAddDropKeyspace
hector,9750f381caa386878ef3eb5509fd7594de8fe1ad,git@github.com:hector-client/hector.git,./core,me.prettyprint.cassandra.model.IndexedSlicesQueryTest.testEqClauseMiss
hector,9750f381caa386878ef3eb5509fd7594de8fe1ad,git@github.com:hector-client/hector.git,./core,me.prettyprint.cassandra.service.CassandraAuthTest.testAddDropColumnFamily
hector,9750f381caa386878ef3eb5509fd7594de8fe1ad,git@github.com:hector-client/hector.git,./core,me.prettyprint.cassandra.connection.ConcurrentHClientPoolTest.testShutdown
hector,9750f381caa386878ef3eb5509fd7594de8fe1ad,git@github.com:hector-client/hector.git,./core,me.prettyprint.cassandra.service.KeyspaceTest.testBatchMutateBatchMutation
hector,9750f381caa386878ef3eb5509fd7594de8fe1ad,git@github.com:hector-client/hector.git,./core,me.prettyprint.cassandra.service.KeyspaceTest.testGetSuperSlice
hector,9750f381caa386878ef3eb5509fd7594de8fe1ad,git@github.com:hector-client/hector.git,./core,me.prettyprint.cassandra.connection.ConcurrentHClientPoolTest.testSpinUp
hector,9750f381caa386878ef3eb5509fd7594de8fe1ad,git@github.com:hector-client/hector.git,./core,me.prettyprint.cassandra.service.KeyspaceTest.testMultigetCount
hector,9750f381caa386878ef3eb5509fd7594de8fe1ad,git@github.com:hector-client/hector.git,./core,me.prettyprint.cassandra.service.CassandraClusterTest.testDescribeKeyspaces
hector,9750f381caa386878ef3eb5509fd7594de8fe1ad,git@github.com:hector-client/hector.git,./core,me.prettyprint.cassandra.service.KeyspaceTest.testMultigetColumn
hector,9750f381caa386878ef3eb5509fd7594de8fe1ad,git@github.com:hector-client/hector.git,./core,me.prettyprint.cassandra.examples.ExampleDaoV2Test.testMultiInsertGetDelete
hector,9750f381caa386878ef3eb5509fd7594de8fe1ad,git@github.com:hector-client/hector.git,./core,me.prettyprint.cassandra.service.KeyspaceTest.testBatchMutate
hector,9750f381caa386878ef3eb5509fd7594de8fe1ad,git@github.com:hector-client/hector.git,./core,me.prettyprint.cassandra.model.IndexedSlicesQueryTest.testMultiClause
hector,9750f381caa386878ef3eb5509fd7594de8fe1ad,git@github.com:hector-client/hector.git,./core,me.prettyprint.cassandra.service.KeyspaceTest.testGetRangeSlices
hector,9750f381caa386878ef3eb5509fd7594de8fe1ad,git@github.com:hector-client/hector.git,./core,me.prettyprint.cassandra.utils.TimeUUIDUtilsTest.testTimeUUIDWithClockResolution
hector,9750f381caa386878ef3eb5509fd7594de8fe1ad,git@github.com:hector-client/hector.git,./core,me.prettyprint.cassandra.service.KeyspaceTest.testBatchInsertColumn
hector,9750f381caa386878ef3eb5509fd7594de8fe1ad,git@github.com:hector-client/hector.git,./core,me.prettyprint.cassandra.service.CassandraClusterTest.testAddDropKeyspace
hector,9750f381caa386878ef3eb5509fd7594de8fe1ad,git@github.com:hector-client/hector.git,./core,me.prettyprint.cassandra.service.CassandraAuthTest.testInsertAndGetAndRemove
hector,9750f381caa386878ef3eb5509fd7594de8fe1ad,git@github.com:hector-client/hector.git,./core,me.prettyprint.cassandra.service.KeyspaceTest.testGetSuperRangeSlice
hector,9750f381caa386878ef3eb5509fd7594de8fe1ad,git@github.com:hector-client/hector.git,./core,me.prettyprint.cassandra.connection.HThriftClientTest.testFailOnDoubleOpen
hector,9750f381caa386878ef3eb5509fd7594de8fe1ad,git@github.com:hector-client/hector.git,./core,me.prettyprint.cassandra.model.MultigetCountQueryTest.testMultigetCount
hector,9750f381caa386878ef3eb5509fd7594de8fe1ad,git@github.com:hector-client/hector.git,./core,me.prettyprint.cassandra.connection.HThriftClientTest.testOpenAndClose
hector,9750f381caa386878ef3eb5509fd7594de8fe1ad,git@github.com:hector-client/hector.git,./core,me.prettyprint.cassandra.service.KeyspaceTest.testInsertSuper
hector,9750f381caa386878ef3eb5509fd7594de8fe1ad,git@github.com:hector-client/hector.git,./core,me.prettyprint.cassandra.service.KeyspaceTest.testGetCount
hector,9750f381caa386878ef3eb5509fd7594de8fe1ad,git@github.com:hector-client/hector.git,./core,me.prettyprint.cassandra.model.IndexedSlicesQueryTest.testRowCountLimit
hector,9750f381caa386878ef3eb5509fd7594de8fe1ad,git@github.com:hector-client/hector.git,./core,me.prettyprint.cassandra.service.KeyspaceTest.testGetSuperRangeSlices
hector,9750f381caa386878ef3eb5509fd7594de8fe1ad,git@github.com:hector-client/hector.git,./object-mapper,com.mycompany.furniture.FurnitureTest.testFurniture
hector,9750f381caa386878ef3eb5509fd7594de8fe1ad,git@github.com:hector-client/hector.git,./object-mapper,me.prettyprint.hom.EntityManagerFactoryTest.testCreateEntityManager
hector,9750f381caa386878ef3eb5509fd7594de8fe1ad,git@github.com:hector-client/hector.git,./object-mapper,me.prettyprint.hom.EntityManagerTest.testInitializeSaveLoadCustomId
ninja,28d0b5f692d1e73e62ff9556d2dea1e4560d6bc7,git@github.com:ninjaframework/ninja.git,./ninja-servlet-jpa-blog-integration-test,controllers.ApplicationControllerTest.testThatHomepageWorks
ambari,400a37ab0b6636a5476461e731f43c085a5b8cfc,git@github.com:apache/ambari.git,./ambari-server,org.apache.ambari.server.state.ServiceComponentTest.testConvertToResponse
ambari,400a37ab0b6636a5476461e731f43c085a5b8cfc,git@github.com:apache/ambari.git,./ambari-server,org.apache.ambari.server.state.ServiceTest.testConvertToResponse
ambari,400a37ab0b6636a5476461e731f43c085a5b8cfc,git@github.com:apache/ambari.git,./ambari-server,org.apache.ambari.server.state.svccomphost.ServiceComponentHostTest.testStopInVariousStates
ambari,400a37ab0b6636a5476461e731f43c085a5b8cfc,git@github.com:apache/ambari.git,./ambari-server,org.apache.ambari.server.state.ServiceComponentTest.testGetAndSetConfigs
ambari,400a37ab0b6636a5476461e731f43c085a5b8cfc,git@github.com:apache/ambari.git,./ambari-server,org.apache.ambari.server.state.cluster.ClusterTest.testGetHostState
ambari,400a37ab0b6636a5476461e731f43c085a5b8cfc,git@github.com:apache/ambari.git,./ambari-server,org.apache.ambari.server.state.svccomphost.ServiceComponentHostTest.testNewServiceComponentHost
ambari,400a37ab0b6636a5476461e731f43c085a5b8cfc,git@github.com:apache/ambari.git,./ambari-server,org.apache.ambari.server.state.host.HostTest.testHostFSMInit
ambari,400a37ab0b6636a5476461e731f43c085a5b8cfc,git@github.com:apache/ambari.git,./ambari-server,org.apache.ambari.server.actionmanager.TestActionDBAccessorImpl.testActionResponse
ambari,400a37ab0b6636a5476461e731f43c085a5b8cfc,git@github.com:apache/ambari.git,./ambari-server,org.apache.ambari.server.actionmanager.TestActionManager.testActionResponse
ambari,400a37ab0b6636a5476461e731f43c085a5b8cfc,git@github.com:apache/ambari.git,./ambari-server,org.apache.ambari.server.controller.internal.JMXHostProviderTest.testJMXPortMapInit
ambari,400a37ab0b6636a5476461e731f43c085a5b8cfc,git@github.com:apache/ambari.git,./ambari-server,org.apache.ambari.server.state.host.HostTest.testHostInfoImport
ambari,400a37ab0b6636a5476461e731f43c085a5b8cfc,git@github.com:apache/ambari.git,./ambari-server,org.apache.ambari.server.controller.AmbariManagementControllerTest.testDeleteUsers
ambari,400a37ab0b6636a5476461e731f43c085a5b8cfc,git@github.com:apache/ambari.git,./ambari-server,org.apache.ambari.server.state.cluster.ClusterTest.testAddAndGetServices
ambari,400a37ab0b6636a5476461e731f43c085a5b8cfc,git@github.com:apache/ambari.git,./ambari-server,org.apache.ambari.server.state.cluster.ClusterTest.testBasicClusterSetup
ambari,400a37ab0b6636a5476461e731f43c085a5b8cfc,git@github.com:apache/ambari.git,./ambari-server,org.apache.ambari.server.state.svccomphost.ServiceComponentHostTest.testCanBeRemoved
ambari,400a37ab0b6636a5476461e731f43c085a5b8cfc,git@github.com:apache/ambari.git,./ambari-server,org.apache.ambari.server.state.cluster.ClustersTest.testDeleteCluster
ambari,400a37ab0b6636a5476461e731f43c085a5b8cfc,git@github.com:apache/ambari.git,./ambari-server,org.apache.ambari.server.state.host.HostTest.testHostRegistrationsInAnyState
ambari,400a37ab0b6636a5476461e731f43c085a5b8cfc,git@github.com:apache/ambari.git,./ambari-server,org.apache.ambari.server.state.svccomphost.ServiceComponentHostTest.testJobHandling
ambari,400a37ab0b6636a5476461e731f43c085a5b8cfc,git@github.com:apache/ambari.git,./ambari-server,org.apache.ambari.server.state.ServiceComponentTest.testAddAndGetServiceComponentHosts
ambari,400a37ab0b6636a5476461e731f43c085a5b8cfc,git@github.com:apache/ambari.git,./ambari-server,org.apache.ambari.server.security.authorization.TestUsers.testModifyPassword
ambari,400a37ab0b6636a5476461e731f43c085a5b8cfc,git@github.com:apache/ambari.git,./ambari-server,org.apache.ambari.server.state.svccomphost.ServiceComponentHostTest.testGetAndSetConfigs
ambari,400a37ab0b6636a5476461e731f43c085a5b8cfc,git@github.com:apache/ambari.git,./ambari-server,org.apache.ambari.server.state.svccomphost.ServiceComponentHostTest.testLiveStateUpdatesForReconfigure
ambari,400a37ab0b6636a5476461e731f43c085a5b8cfc,git@github.com:apache/ambari.git,./ambari-server,org.apache.ambari.server.security.authorization.TestUsers.testPromoteUser
ambari,400a37ab0b6636a5476461e731f43c085a5b8cfc,git@github.com:apache/ambari.git,./ambari-server,org.apache.ambari.server.controller.AmbariManagementControllerTest.testGetUsers
ambari,400a37ab0b6636a5476461e731f43c085a5b8cfc,git@github.com:apache/ambari.git,./ambari-server,org.apache.ambari.server.state.svccomphost.ServiceComponentHostTest.testClientStateFlow
ambari,400a37ab0b6636a5476461e731f43c085a5b8cfc,git@github.com:apache/ambari.git,./ambari-server,org.apache.ambari.server.state.cluster.ClusterTest.testSetHostState
ambari,400a37ab0b6636a5476461e731f43c085a5b8cfc,git@github.com:apache/ambari.git,./ambari-server,org.apache.ambari.server.state.cluster.ClusterTest.testHostEvent
ambari,400a37ab0b6636a5476461e731f43c085a5b8cfc,git@github.com:apache/ambari.git,./ambari-server,org.apache.ambari.server.state.cluster.ClusterTest.testClusterRecovery
ambari,400a37ab0b6636a5476461e731f43c085a5b8cfc,git@github.com:apache/ambari.git,./ambari-server,org.apache.ambari.server.state.ServiceTest.testAddAndGetServiceComponents
ambari,400a37ab0b6636a5476461e731f43c085a5b8cfc,git@github.com:apache/ambari.git,./ambari-server,org.apache.ambari.server.controller.AmbariManagementControllerTest.testCreateServicesMultiple
ambari,400a37ab0b6636a5476461e731f43c085a5b8cfc,git@github.com:apache/ambari.git,./ambari-server,org.apache.ambari.server.controller.AmbariManagementControllerTest.testCreateClusterSimple
ambari,400a37ab0b6636a5476461e731f43c085a5b8cfc,git@github.com:apache/ambari.git,./ambari-server,org.apache.ambari.server.security.authorization.AmbariLocalUserDetailsServiceTest.testUsernameNotFound
ambari,400a37ab0b6636a5476461e731f43c085a5b8cfc,git@github.com:apache/ambari.git,./ambari-server,org.apache.ambari.server.state.svccomphost.ServiceComponentHostTest.testConvertToResponse
ambari,400a37ab0b6636a5476461e731f43c085a5b8cfc,git@github.com:apache/ambari.git,./ambari-server,org.apache.ambari.server.state.cluster.ClusterTest.testConvertToResponse
ambari,400a37ab0b6636a5476461e731f43c085a5b8cfc,git@github.com:apache/ambari.git,./ambari-server,org.apache.ambari.server.state.cluster.ClusterTest.testDeleteService
ambari,400a37ab0b6636a5476461e731f43c085a5b8cfc,git@github.com:apache/ambari.git,./ambari-server,org.apache.ambari.server.state.ServiceTest.testGetAndSetServiceInfo
ambari,400a37ab0b6636a5476461e731f43c085a5b8cfc,git@github.com:apache/ambari.git,./ambari-server,org.apache.ambari.server.security.authorization.AmbariLocalUserDetailsServiceTest.testLoadUserByUsername
ambari,400a37ab0b6636a5476461e731f43c085a5b8cfc,git@github.com:apache/ambari.git,./ambari-server,org.apache.ambari.server.state.cluster.ClusterTest.testAddHost
ambari,400a37ab0b6636a5476461e731f43c085a5b8cfc,git@github.com:apache/ambari.git,./ambari-server,org.apache.ambari.server.controller.AmbariManagementControllerTest.testServiceUpdateBasic
ambari,400a37ab0b6636a5476461e731f43c085a5b8cfc,git@github.com:apache/ambari.git,./ambari-server,org.apache.ambari.server.state.svccomphost.ServiceComponentHostTest.testDaemonStateFlow
ambari,400a37ab0b6636a5476461e731f43c085a5b8cfc,git@github.com:apache/ambari.git,./ambari-server,org.apache.ambari.server.state.ServiceComponentTest.testCreateServiceComponent
ambari,400a37ab0b6636a5476461e731f43c085a5b8cfc,git@github.com:apache/ambari.git,./ambari-server,org.apache.ambari.server.security.authorization.AmbariLocalUserDetailsServiceTest.testEmptyRoles
ambari,400a37ab0b6636a5476461e731f43c085a5b8cfc,git@github.com:apache/ambari.git,./ambari-server,org.apache.ambari.server.state.cluster.ClustersTest.testDebugDump
ambari,400a37ab0b6636a5476461e731f43c085a5b8cfc,git@github.com:apache/ambari.git,./ambari-server,org.apache.ambari.server.state.cluster.ClusterTest.testGetServiceComponentHosts
ambari,400a37ab0b6636a5476461e731f43c085a5b8cfc,git@github.com:apache/ambari.git,./ambari-server,org.apache.ambari.server.state.ServiceComponentTest.testGetAndSetServiceComponentInfo
ambari,400a37ab0b6636a5476461e731f43c085a5b8cfc,git@github.com:apache/ambari.git,./ambari-server,org.apache.ambari.server.state.ServiceComponentTest.testCanBeRemoved
ambari,400a37ab0b6636a5476461e731f43c085a5b8cfc,git@github.com:apache/ambari.git,./ambari-server,org.apache.ambari.server.state.ServiceTest.testGetAndSetConfigs
ambari,400a37ab0b6636a5476461e731f43c085a5b8cfc,git@github.com:apache/ambari.git,./ambari-server,org.apache.ambari.server.state.host.HostTest.testHostHeartbeatFlow
ambari,400a37ab0b6636a5476461e731f43c085a5b8cfc,git@github.com:apache/ambari.git,./ambari-server,org.apache.ambari.server.state.cluster.ClusterTest.testGetAndSetConfigs
ambari,400a37ab0b6636a5476461e731f43c085a5b8cfc,git@github.com:apache/ambari.git,./ambari-server,org.apache.ambari.server.state.ServiceTest.testCanBeRemoved
ambari,400a37ab0b6636a5476461e731f43c085a5b8cfc,git@github.com:apache/ambari.git,./ambari-server,org.apache.ambari.server.state.ServiceTest.testDeleteServiceComponent
ambari,400a37ab0b6636a5476461e731f43c085a5b8cfc,git@github.com:apache/ambari.git,./ambari-server,org.apache.ambari.server.state.svccomphost.ServiceComponentHostTest.testGetAndSetBasicInfo
ambari,400a37ab0b6636a5476461e731f43c085a5b8cfc,git@github.com:apache/ambari.git,./ambari-server,org.apache.ambari.server.agent.TestHeartbeatHandler.testInvalidOSRegistration
ambari,400a37ab0b6636a5476461e731f43c085a5b8cfc,git@github.com:apache/ambari.git,./ambari-server,org.apache.ambari.server.state.cluster.ClustersTest.testGetInvalidCluster
ambari,400a37ab0b6636a5476461e731f43c085a5b8cfc,git@github.com:apache/ambari.git,./ambari-server,org.apache.ambari.server.state.cluster.ClustersTest.testAddAndGetHost
ambari,400a37ab0b6636a5476461e731f43c085a5b8cfc,git@github.com:apache/ambari.git,./ambari-server,org.apache.ambari.server.security.authorization.TestUsers.testGetAllUsers
ambari,400a37ab0b6636a5476461e731f43c085a5b8cfc,git@github.com:apache/ambari.git,./ambari-server,org.apache.ambari.server.state.cluster.ClustersTest.testClusterHostMapping
ambari,400a37ab0b6636a5476461e731f43c085a5b8cfc,git@github.com:apache/ambari.git,./ambari-server,org.apache.ambari.server.agent.TestHeartbeatHandler.testRegistrationPublicHostname
ambari,400a37ab0b6636a5476461e731f43c085a5b8cfc,git@github.com:apache/ambari.git,./ambari-server,org.apache.ambari.server.orm.TestOrmImpl.testFindStageByHostRole
ambari,400a37ab0b6636a5476461e731f43c085a5b8cfc,git@github.com:apache/ambari.git,./ambari-server,org.apache.ambari.server.controller.AmbariManagementControllerTest.testCreateAndGetUsers
ambari,400a37ab0b6636a5476461e731f43c085a5b8cfc,git@github.com:apache/ambari.git,./ambari-server,org.apache.ambari.server.controller.AmbariManagementControllerTest.testCreateServicesWithInvalidRequest
ambari,400a37ab0b6636a5476461e731f43c085a5b8cfc,git@github.com:apache/ambari.git,./ambari-server,org.apache.ambari.server.orm.TestOrmImpl.testLastRequestId
ambari,400a37ab0b6636a5476461e731f43c085a5b8cfc,git@github.com:apache/ambari.git,./ambari-server,org.apache.ambari.server.state.ServiceTest.testCreateService
ambari,400a37ab0b6636a5476461e731f43c085a5b8cfc,git@github.com:apache/ambari.git,./ambari-server,org.apache.ambari.server.state.cluster.ClustersTest.testAddAndGetCluster
ambari,400a37ab0b6636a5476461e731f43c085a5b8cfc,git@github.com:apache/ambari.git,./ambari-server,org.apache.ambari.server.actionmanager.TestActionDBAccessorImpl.testHostRoleScheduled
ambari,400a37ab0b6636a5476461e731f43c085a5b8cfc,git@github.com:apache/ambari.git,./ambari-server,org.apache.ambari.server.controller.AmbariManagementControllerTest.testGetRequestAndTaskStatus
ambari,400a37ab0b6636a5476461e731f43c085a5b8cfc,git@github.com:apache/ambari.git,./ambari-server,org.apache.ambari.server.controller.AmbariManagementControllerTest.testServiceUpdateRecursive
ambari,400a37ab0b6636a5476461e731f43c085a5b8cfc,git@github.com:apache/ambari.git,./ambari-server,org.apache.ambari.server.actionmanager.TestActionDBAccessorImpl.testUpdateHostRole
ambari,400a37ab0b6636a5476461e731f43c085a5b8cfc,git@github.com:apache/ambari.git,./ambari-server,org.apache.ambari.server.agent.TestHeartbeatMonitor.testStateCommandsGeneration
ambari,400a37ab0b6636a5476461e731f43c085a5b8cfc,git@github.com:apache/ambari.git,./ambari-server,org.apache.ambari.server.controller.AmbariManagementControllerTest.testUpdateConfigForRunningService
ambari,400a37ab0b6636a5476461e731f43c085a5b8cfc,git@github.com:apache/ambari.git,./ambari-server,org.apache.ambari.server.api.services.PersistKeyValueImplTest.testStore
ambari,400a37ab0b6636a5476461e731f43c085a5b8cfc,git@github.com:apache/ambari.git,./ambari-server,org.apache.ambari.server.orm.TestOrmImpl.testCascadeRemoveFail
ambari,400a37ab0b6636a5476461e731f43c085a5b8cfc,git@github.com:apache/ambari.git,./ambari-server,org.apache.ambari.server.controller.AmbariManagementControllerTest.testGetServicesWithFilters
ambari,400a37ab0b6636a5476461e731f43c085a5b8cfc,git@github.com:apache/ambari.git,./ambari-server,org.apache.ambari.server.controller.AmbariManagementControllerTest.testCreateClusterWithHostMapping
ambari,400a37ab0b6636a5476461e731f43c085a5b8cfc,git@github.com:apache/ambari.git,./ambari-server,org.apache.ambari.server.controller.AmbariManagementControllerTest.testCreateActions
ambari,400a37ab0b6636a5476461e731f43c085a5b8cfc,git@github.com:apache/ambari.git,./ambari-server,org.apache.ambari.server.controller.AmbariManagementControllerTest.testServiceComponentUpdateRecursive
ambari,400a37ab0b6636a5476461e731f43c085a5b8cfc,git@github.com:apache/ambari.git,./ambari-server,org.apache.ambari.server.controller.AmbariManagementControllerTest.testClientServiceSmokeTests
ambari,400a37ab0b6636a5476461e731f43c085a5b8cfc,git@github.com:apache/ambari.git,./ambari-server,org.apache.ambari.server.controller.AmbariManagementControllerTest.testCreateServiceComponentSimple
ambari,400a37ab0b6636a5476461e731f43c085a5b8cfc,git@github.com:apache/ambari.git,./ambari-server,org.apache.ambari.server.orm.TestOrmImpl.testConcurrentModification
ambari,400a37ab0b6636a5476461e731f43c085a5b8cfc,git@github.com:apache/ambari.git,./ambari-server,org.apache.ambari.server.agent.TestHeartbeatHandler.testRegistration
ambari,400a37ab0b6636a5476461e731f43c085a5b8cfc,git@github.com:apache/ambari.git,./ambari-server,org.apache.ambari.server.controller.AmbariManagementControllerTest.testGetServices
ambari,400a37ab0b6636a5476461e731f43c085a5b8cfc,git@github.com:apache/ambari.git,./ambari-server,org.apache.ambari.server.controller.AmbariManagementControllerTest.testCreateServiceWithInvalidInfo
ambari,400a37ab0b6636a5476461e731f43c085a5b8cfc,git@github.com:apache/ambari.git,./ambari-server,org.apache.ambari.server.orm.TestOrmImpl.testAutoIncrementedField
ambari,400a37ab0b6636a5476461e731f43c085a5b8cfc,git@github.com:apache/ambari.git,./ambari-server,org.apache.ambari.server.agent.TestHeartbeatHandler.testLiveStatusUpdateAfterStopFailed
ambari,400a37ab0b6636a5476461e731f43c085a5b8cfc,git@github.com:apache/ambari.git,./ambari-server,org.apache.ambari.server.controller.AmbariManagementControllerTest.testServiceComponentHostUpdateRecursive
ambari,400a37ab0b6636a5476461e731f43c085a5b8cfc,git@github.com:apache/ambari.git,./ambari-server,org.apache.ambari.server.agent.TestHeartbeatHandler.testCommandReport
ambari,400a37ab0b6636a5476461e731f43c085a5b8cfc,git@github.com:apache/ambari.git,./ambari-server,org.apache.ambari.server.utils.TestStageUtils.testGetClusterHostInfo
ambari,400a37ab0b6636a5476461e731f43c085a5b8cfc,git@github.com:apache/ambari.git,./ambari-server,org.apache.ambari.server.controller.AmbariManagementControllerTest.testGetServiceComponentHosts
ambari,400a37ab0b6636a5476461e731f43c085a5b8cfc,git@github.com:apache/ambari.git,./ambari-server,org.apache.ambari.server.controller.AmbariManagementControllerTest.testUpdateUsers
ambari,400a37ab0b6636a5476461e731f43c085a5b8cfc,git@github.com:apache/ambari.git,./ambari-server,org.apache.ambari.server.agent.TestHeartbeatHandler.testTaskInProgressHandling
ambari,400a37ab0b6636a5476461e731f43c085a5b8cfc,git@github.com:apache/ambari.git,./ambari-server,org.apache.ambari.server.controller.AmbariManagementControllerTest.testCreateServiceComponentHostSimple
ambari,400a37ab0b6636a5476461e731f43c085a5b8cfc,git@github.com:apache/ambari.git,./ambari-server,org.apache.ambari.server.controller.AmbariManagementControllerTest.testCreateServiceComponentHostWithInvalidRequest
ambari,400a37ab0b6636a5476461e731f43c085a5b8cfc,git@github.com:apache/ambari.git,./ambari-server,org.apache.ambari.server.orm.TestOrmImpl.testAbortHostRoleCommands
ambari,400a37ab0b6636a5476461e731f43c085a5b8cfc,git@github.com:apache/ambari.git,./ambari-server,org.apache.ambari.server.controller.AmbariManagementControllerTest.testServiceUpdateInvalidRequest
ambari,400a37ab0b6636a5476461e731f43c085a5b8cfc,git@github.com:apache/ambari.git,./ambari-server,org.apache.ambari.server.controller.AmbariManagementControllerTest.testCreateServiceComponentWithInvalidRequest
ambari,400a37ab0b6636a5476461e731f43c085a5b8cfc,git@github.com:apache/ambari.git,./ambari-server,org.apache.ambari.server.controller.AmbariManagementControllerTest.testGetHosts
ambari,400a37ab0b6636a5476461e731f43c085a5b8cfc,git@github.com:apache/ambari.git,./ambari-server,org.apache.ambari.server.controller.AmbariManagementControllerTest.testCreateHostMultiple
ambari,400a37ab0b6636a5476461e731f43c085a5b8cfc,git@github.com:apache/ambari.git,./ambari-server,org.apache.ambari.server.orm.TestOrmImpl.testFindHostsByStage
ambari,400a37ab0b6636a5476461e731f43c085a5b8cfc,git@github.com:apache/ambari.git,./ambari-server,org.apache.ambari.server.controller.AmbariManagementControllerTest.testGetServiceComponentsWithFilters
ambari,400a37ab0b6636a5476461e731f43c085a5b8cfc,git@github.com:apache/ambari.git,./ambari-server,org.apache.ambari.server.controller.AmbariManagementControllerTest.testCreateHostWithInvalidRequests
ambari,400a37ab0b6636a5476461e731f43c085a5b8cfc,git@github.com:apache/ambari.git,./ambari-server,org.apache.ambari.server.controller.AmbariManagementControllerTest.testCreateServicesSimple
ambari,400a37ab0b6636a5476461e731f43c085a5b8cfc,git@github.com:apache/ambari.git,./ambari-server,org.apache.ambari.server.controller.AmbariManagementControllerTest.testCreateHostSimple
ambari,400a37ab0b6636a5476461e731f43c085a5b8cfc,git@github.com:apache/ambari.git,./ambari-server,org.apache.ambari.server.controller.AmbariManagementControllerTest.testRcaOnJobtrackerHost
ambari,400a37ab0b6636a5476461e731f43c085a5b8cfc,git@github.com:apache/ambari.git,./ambari-server,org.apache.ambari.server.orm.TestOrmImpl.testRollbackException
ambari,400a37ab0b6636a5476461e731f43c085a5b8cfc,git@github.com:apache/ambari.git,./ambari-server,org.apache.ambari.server.agent.TestHeartbeatHandler.testHeartbeat
ambari,400a37ab0b6636a5476461e731f43c085a5b8cfc,git@github.com:apache/ambari.git,./ambari-server,org.apache.ambari.server.actionmanager.TestActionDBAccessorImpl.testGetStagesInProgress
ambari,400a37ab0b6636a5476461e731f43c085a5b8cfc,git@github.com:apache/ambari.git,./ambari-server,org.apache.ambari.server.controller.AmbariManagementControllerTest.testInstallAndStartService
ambari,400a37ab0b6636a5476461e731f43c085a5b8cfc,git@github.com:apache/ambari.git,./ambari-server,org.apache.ambari.server.controller.AmbariManagementControllerTest.testCreateServiceComponentHostMultiple
ambari,400a37ab0b6636a5476461e731f43c085a5b8cfc,git@github.com:apache/ambari.git,./ambari-server,org.apache.ambari.server.actionmanager.TestActionDBAccessorImpl.testPersistActions
ambari,400a37ab0b6636a5476461e731f43c085a5b8cfc,git@github.com:apache/ambari.git,./ambari-server,org.apache.ambari.server.controller.AmbariManagementControllerTest.testGetClusters
ambari,400a37ab0b6636a5476461e731f43c085a5b8cfc,git@github.com:apache/ambari.git,./ambari-server,org.apache.ambari.server.controller.AmbariManagementControllerTest.testCreateServiceComponentMultiple
ambari,400a37ab0b6636a5476461e731f43c085a5b8cfc,git@github.com:apache/ambari.git,./ambari-server,org.apache.ambari.server.orm.TestOrmImpl.testEmptyPersistentCollection
ambari,400a37ab0b6636a5476461e731f43c085a5b8cfc,git@github.com:apache/ambari.git,./ambari-server,org.apache.ambari.server.agent.TestHeartbeatHandler.testRegisterNewNode
ambari,400a37ab0b6636a5476461e731f43c085a5b8cfc,git@github.com:apache/ambari.git,./ambari-server,org.apache.ambari.server.orm.TestOrmImpl.testSortedCommands
ambari,400a37ab0b6636a5476461e731f43c085a5b8cfc,git@github.com:apache/ambari.git,./ambari-server,org.apache.ambari.server.controller.AmbariManagementControllerTest.testConfigUpdates
ambari,400a37ab0b6636a5476461e731f43c085a5b8cfc,git@github.com:apache/ambari.git,./ambari-server,org.apache.ambari.server.controller.AmbariManagementControllerTest.testGetClustersWithFilters
ambari,400a37ab0b6636a5476461e731f43c085a5b8cfc,git@github.com:apache/ambari.git,./ambari-server,org.apache.ambari.server.agent.TestHeartbeatHandler.testStatusHeartbeat
ambari,400a37ab0b6636a5476461e731f43c085a5b8cfc,git@github.com:apache/ambari.git,./ambari-server,org.apache.ambari.server.controller.AmbariManagementControllerTest.testGetServiceComponents
ambari,400a37ab0b6636a5476461e731f43c085a5b8cfc,git@github.com:apache/ambari.git,./ambari-server,org.apache.ambari.server.orm.TestOrmImpl.testSafeRollback
ambari,400a37ab0b6636a5476461e731f43c085a5b8cfc,git@github.com:apache/ambari.git,./ambari-server,org.apache.ambari.server.agent.TestHeartbeatHandler.testStateCommandsAtRegistration
ambari,400a37ab0b6636a5476461e731f43c085a5b8cfc,git@github.com:apache/ambari.git,./ambari-server,org.apache.ambari.server.controller.AmbariManagementControllerTest.testGetServiceComponentHostsWithFilters
ambari,400a37ab0b6636a5476461e731f43c085a5b8cfc,git@github.com:apache/ambari.git,./ambari-server,org.apache.ambari.server.actionmanager.TestActionDBAccessorImpl.testGetStagesInProgressWithFailures
ambari,400a37ab0b6636a5476461e731f43c085a5b8cfc,git@github.com:apache/ambari.git,./ambari-server,org.apache.ambari.server.state.host.HostTest.testHostRegistrationFlow
ambari,400a37ab0b6636a5476461e731f43c085a5b8cfc,git@github.com:apache/ambari.git,./ambari-server,org.apache.ambari.server.agent.TestHeartbeatMonitor.testHeartbeatStateCommandsEnqueueing
ambari,400a37ab0b6636a5476461e731f43c085a5b8cfc,git@github.com:apache/ambari.git,./ambari-server,org.apache.ambari.server.agent.TestHeartbeatMonitor.testHeartbeatLoss
ambari,400a37ab0b6636a5476461e731f43c085a5b8cfc,git@github.com:apache/ambari.git,./ambari-server,org.apache.ambari.server.actionmanager.TestActionManager.testLargeLogs
ambari,400a37ab0b6636a5476461e731f43c085a5b8cfc,git@github.com:apache/ambari.git,./ambari-server,org.apache.ambari.server.actionmanager.TestActionManager.testCascadeDeleteStages
