project,sha,url,subproject,flaky_test
zxing,024a3539390ab2b2ab2db4beb4e6cb8f0efcc279,git@github.com:zxing/zxing.git,./core,com.google.zxing.pdf417.decoder.ec.ErrorCorrectionTestCase.testTooManyErrors
hector,9750f381caa386878ef3eb5509fd7594de8fe1ad,git@github.com:hector-client/hector.git,./core,me.prettyprint.cassandra.service.CassandraClusterTest.testAddDropKeyspace
hector,9750f381caa386878ef3eb5509fd7594de8fe1ad,git@github.com:hector-client/hector.git,./core,me.prettyprint.cassandra.service.KeyspaceTest.testGetSuperSlice
hector,9750f381caa386878ef3eb5509fd7594de8fe1ad,git@github.com:hector-client/hector.git,./core,me.prettyprint.hector.api.ApiV2SystemTest.testMultigetSubSliceQuery
hector,9750f381caa386878ef3eb5509fd7594de8fe1ad,git@github.com:hector-client/hector.git,./core,me.prettyprint.cassandra.connection.HConnectionManagerTest.testAddCassandraHostFail
hector,9750f381caa386878ef3eb5509fd7594de8fe1ad,git@github.com:hector-client/hector.git,./core,me.prettyprint.cassandra.connection.HThriftClientTest.testGetCassandraNotOpen
hector,9750f381caa386878ef3eb5509fd7594de8fe1ad,git@github.com:hector-client/hector.git,./core,me.prettyprint.hector.api.ApiV2SystemTest.testSubCountQuery
hector,9750f381caa386878ef3eb5509fd7594de8fe1ad,git@github.com:hector-client/hector.git,./core,me.prettyprint.cassandra.service.KeyspaceTest.testGetSuperRangeSlice
hector,9750f381caa386878ef3eb5509fd7594de8fe1ad,git@github.com:hector-client/hector.git,./core,me.prettyprint.hector.api.ApiV2SystemTest.testMultigetSliceQuery
hector,9750f381caa386878ef3eb5509fd7594de8fe1ad,git@github.com:hector-client/hector.git,./core,me.prettyprint.cassandra.connection.ConcurrentHClientPoolTest.testBorrowRelease
hector,9750f381caa386878ef3eb5509fd7594de8fe1ad,git@github.com:hector-client/hector.git,./core,me.prettyprint.cassandra.service.CassandraClusterTest.testEditColumnFamily
hector,9750f381caa386878ef3eb5509fd7594de8fe1ad,git@github.com:hector-client/hector.git,./core,me.prettyprint.cassandra.connection.HThriftClientTest.testOpenAndClose
hector,9750f381caa386878ef3eb5509fd7594de8fe1ad,git@github.com:hector-client/hector.git,./core,me.prettyprint.cassandra.service.CassandraClusterTest.testDescribePartitioner
hector,9750f381caa386878ef3eb5509fd7594de8fe1ad,git@github.com:hector-client/hector.git,./core,me.prettyprint.cassandra.model.IndexedSlicesQueryTest.testEqClauseMiss
hector,9750f381caa386878ef3eb5509fd7594de8fe1ad,git@github.com:hector-client/hector.git,./core,me.prettyprint.cassandra.service.CassandraAuthTest.testAddDropKeyspace
hector,9750f381caa386878ef3eb5509fd7594de8fe1ad,git@github.com:hector-client/hector.git,./core,me.prettyprint.cassandra.connection.ConcurrentHClientPoolTest.testShutdown
hector,9750f381caa386878ef3eb5509fd7594de8fe1ad,git@github.com:hector-client/hector.git,./core,me.prettyprint.cassandra.service.KeyspaceTest.testMultigetSuperSlice
hector,9750f381caa386878ef3eb5509fd7594de8fe1ad,git@github.com:hector-client/hector.git,./core,me.prettyprint.cassandra.service.KeyspaceTest.testBatchUpdateInsertAndDelOnSame
hector,9750f381caa386878ef3eb5509fd7594de8fe1ad,git@github.com:hector-client/hector.git,./core,me.prettyprint.cassandra.service.CassandraAuthTest.testInsertAndGetAndRemoveBadAuth
hector,9750f381caa386878ef3eb5509fd7594de8fe1ad,git@github.com:hector-client/hector.git,./core,me.prettyprint.cassandra.connection.ConcurrentHClientPoolTest.testSpinUp
hector,9750f381caa386878ef3eb5509fd7594de8fe1ad,git@github.com:hector-client/hector.git,./core,me.prettyprint.hector.api.ApiV2SystemTest.testSuperSliceQuery
hector,9750f381caa386878ef3eb5509fd7594de8fe1ad,git@github.com:hector-client/hector.git,./core,me.prettyprint.cassandra.model.MutatorTest.testInsert
hector,9750f381caa386878ef3eb5509fd7594de8fe1ad,git@github.com:hector-client/hector.git,./core,me.prettyprint.cassandra.connection.HConnectionManagerTest.testRemoveHost
hector,9750f381caa386878ef3eb5509fd7594de8fe1ad,git@github.com:hector-client/hector.git,./core,me.prettyprint.cassandra.service.KeyspaceTest.testGetSlice
hector,9750f381caa386878ef3eb5509fd7594de8fe1ad,git@github.com:hector-client/hector.git,./core,me.prettyprint.hector.api.ApiV2SystemTest.testRangeSuperSlicesQuery
hector,9750f381caa386878ef3eb5509fd7594de8fe1ad,git@github.com:hector-client/hector.git,./core,me.prettyprint.cassandra.service.KeyspaceTest.testMultigetCount
hector,9750f381caa386878ef3eb5509fd7594de8fe1ad,git@github.com:hector-client/hector.git,./core,me.prettyprint.cassandra.model.MultigetCountQueryTest.testMultigetCount
hector,9750f381caa386878ef3eb5509fd7594de8fe1ad,git@github.com:hector-client/hector.git,./core,me.prettyprint.cassandra.service.CassandraClusterTest.testDescribeKeyspaces
hector,9750f381caa386878ef3eb5509fd7594de8fe1ad,git@github.com:hector-client/hector.git,./core,me.prettyprint.cassandra.service.CassandraAuthTest.testDescribeKeyspaces
hector,9750f381caa386878ef3eb5509fd7594de8fe1ad,git@github.com:hector-client/hector.git,./core,me.prettyprint.cassandra.service.KeyspaceTest.testGetSuperRangeSlices
hector,9750f381caa386878ef3eb5509fd7594de8fe1ad,git@github.com:hector-client/hector.git,./core,me.prettyprint.cassandra.service.CassandraClusterTest.testDescribeKeyspace
hector,9750f381caa386878ef3eb5509fd7594de8fe1ad,git@github.com:hector-client/hector.git,./core,me.prettyprint.cassandra.service.KeyspaceTest.testBatchMutate
hector,9750f381caa386878ef3eb5509fd7594de8fe1ad,git@github.com:hector-client/hector.git,./core,me.prettyprint.hector.api.ApiV2SystemTest.testSliceQuery
hector,9750f381caa386878ef3eb5509fd7594de8fe1ad,git@github.com:hector-client/hector.git,./core,me.prettyprint.cassandra.service.CassandraAuthTest.testDescribeKeyspace
hector,9750f381caa386878ef3eb5509fd7594de8fe1ad,git@github.com:hector-client/hector.git,./core,me.prettyprint.hector.api.ApiV2SystemTest.testInsertGetRemove
hector,9750f381caa386878ef3eb5509fd7594de8fe1ad,git@github.com:hector-client/hector.git,./core,me.prettyprint.cassandra.service.CassandraClusterTest.testDescribeClusterName
hector,9750f381caa386878ef3eb5509fd7594de8fe1ad,git@github.com:hector-client/hector.git,./core,me.prettyprint.cassandra.service.KeyspaceTest.testGetKeyspaceName
hector,9750f381caa386878ef3eb5509fd7594de8fe1ad,git@github.com:hector-client/hector.git,./core,me.prettyprint.cassandra.service.KeyspaceTest.testBatchMutateBatchMutation
hector,9750f381caa386878ef3eb5509fd7594de8fe1ad,git@github.com:hector-client/hector.git,./core,me.prettyprint.cassandra.examples.ExampleDaoV2Test.testInsertGetDelete
hector,9750f381caa386878ef3eb5509fd7594de8fe1ad,git@github.com:hector-client/hector.git,./core,me.prettyprint.cassandra.service.KeyspaceTest.testMultigetSuperColumn
hector,9750f381caa386878ef3eb5509fd7594de8fe1ad,git@github.com:hector-client/hector.git,./core,me.prettyprint.hector.api.ApiV2SystemTest.testRangeSubSlicesQuery
hector,9750f381caa386878ef3eb5509fd7594de8fe1ad,git@github.com:hector-client/hector.git,./core,me.prettyprint.cassandra.service.KeyspaceTest.testMultigetSlice_1
hector,9750f381caa386878ef3eb5509fd7594de8fe1ad,git@github.com:hector-client/hector.git,./core,me.prettyprint.hector.api.ApiV2SystemTest.testMultigetSuperSliceQuery
hector,9750f381caa386878ef3eb5509fd7594de8fe1ad,git@github.com:hector-client/hector.git,./core,me.prettyprint.cassandra.service.CassandraClusterTest.testDescribeThriftVersion
hector,9750f381caa386878ef3eb5509fd7594de8fe1ad,git@github.com:hector-client/hector.git,./core,me.prettyprint.cassandra.examples.ExampleDaoV2Test.testMultiInsertGetDelete
hector,9750f381caa386878ef3eb5509fd7594de8fe1ad,git@github.com:hector-client/hector.git,./core,me.prettyprint.cassandra.model.MutatorTest.testRowDeletion
hector,9750f381caa386878ef3eb5509fd7594de8fe1ad,git@github.com:hector-client/hector.git,./core,me.prettyprint.hector.api.ApiV2SystemTest.testSuperCountQuery
hector,9750f381caa386878ef3eb5509fd7594de8fe1ad,git@github.com:hector-client/hector.git,./core,me.prettyprint.cassandra.model.IndexedSlicesQueryTest.testRowCountLimit
hector,9750f381caa386878ef3eb5509fd7594de8fe1ad,git@github.com:hector-client/hector.git,./core,me.prettyprint.cassandra.service.KeyspaceTest.testGetRangeSlices
hector,9750f381caa386878ef3eb5509fd7594de8fe1ad,git@github.com:hector-client/hector.git,./core,me.prettyprint.cassandra.service.KeyspaceTest.testBatchInsertColumn
hector,9750f381caa386878ef3eb5509fd7594de8fe1ad,git@github.com:hector-client/hector.git,./core,me.prettyprint.cassandra.service.KeyspaceTest.testGetSuperColumn
hector,9750f381caa386878ef3eb5509fd7594de8fe1ad,git@github.com:hector-client/hector.git,./core,me.prettyprint.cassandra.model.MutatorTest.testSubDelete
hector,9750f381caa386878ef3eb5509fd7594de8fe1ad,git@github.com:hector-client/hector.git,./core,me.prettyprint.cassandra.service.CassandraClusterTest.testEditKeyspace
hector,9750f381caa386878ef3eb5509fd7594de8fe1ad,git@github.com:hector-client/hector.git,./core,me.prettyprint.cassandra.service.KeyspaceTest.testGetRangeSlice
hector,9750f381caa386878ef3eb5509fd7594de8fe1ad,git@github.com:hector-client/hector.git,./core,me.prettyprint.cassandra.service.KeyspaceTest.testGetConsistencyLevel
hector,9750f381caa386878ef3eb5509fd7594de8fe1ad,git@github.com:hector-client/hector.git,./core,me.prettyprint.cassandra.service.CassandraClusterTest.testDescribeRing
hector,9750f381caa386878ef3eb5509fd7594de8fe1ad,git@github.com:hector-client/hector.git,./core,me.prettyprint.cassandra.service.KeyspaceTest.testInsertAndGetAndRemove
hector,9750f381caa386878ef3eb5509fd7594de8fe1ad,git@github.com:hector-client/hector.git,./core,me.prettyprint.cassandra.service.KeyspaceTest.testMultigetSlice
hector,9750f381caa386878ef3eb5509fd7594de8fe1ad,git@github.com:hector-client/hector.git,./core,me.prettyprint.cassandra.model.RangeSlicesQueryTest.testKeysOnlyPredicate
hector,9750f381caa386878ef3eb5509fd7594de8fe1ad,git@github.com:hector-client/hector.git,./core,me.prettyprint.cassandra.service.CassandraAuthTest.testDescribeKeyspacesBadAuth
hector,9750f381caa386878ef3eb5509fd7594de8fe1ad,git@github.com:hector-client/hector.git,./core,me.prettyprint.cassandra.service.CassandraClusterTest.testAddDropColumnFamily
hector,9750f381caa386878ef3eb5509fd7594de8fe1ad,git@github.com:hector-client/hector.git,./core,me.prettyprint.cassandra.utils.TimeUUIDUtilsTest.testTimeUUIDWithClockResolution
hector,9750f381caa386878ef3eb5509fd7594de8fe1ad,git@github.com:hector-client/hector.git,./core,me.prettyprint.cassandra.service.CassandraAuthTest.testAddDropColumnFamily
hector,9750f381caa386878ef3eb5509fd7594de8fe1ad,git@github.com:hector-client/hector.git,./core,me.prettyprint.hector.api.ApiV2SystemTest.testBatchInsertGetRemove
hector,9750f381caa386878ef3eb5509fd7594de8fe1ad,git@github.com:hector-client/hector.git,./core,me.prettyprint.cassandra.service.KeyspaceTest.testInsertSuper
hector,9750f381caa386878ef3eb5509fd7594de8fe1ad,git@github.com:hector-client/hector.git,./core,me.prettyprint.hector.api.ApiV2SystemTest.testSuperInsertGetRemove
hector,9750f381caa386878ef3eb5509fd7594de8fe1ad,git@github.com:hector-client/hector.git,./core,me.prettyprint.hector.api.ApiV2SystemTest.testCountQuery
hector,9750f381caa386878ef3eb5509fd7594de8fe1ad,git@github.com:hector-client/hector.git,./core,me.prettyprint.hector.api.ApiV2SystemTest.testSubSliceQuery
hector,9750f381caa386878ef3eb5509fd7594de8fe1ad,git@github.com:hector-client/hector.git,./core,me.prettyprint.cassandra.service.KeyspaceTest.testMultigetColumn
hector,9750f381caa386878ef3eb5509fd7594de8fe1ad,git@github.com:hector-client/hector.git,./core,me.prettyprint.cassandra.model.IndexedSlicesQueryTest.testInsertGetRemove
hector,9750f381caa386878ef3eb5509fd7594de8fe1ad,git@github.com:hector-client/hector.git,./core,me.prettyprint.cassandra.model.IndexedSlicesQueryTest.testMultiClause
hector,9750f381caa386878ef3eb5509fd7594de8fe1ad,git@github.com:hector-client/hector.git,./core,me.prettyprint.cassandra.service.KeyspaceTest.testGetCount
hector,9750f381caa386878ef3eb5509fd7594de8fe1ad,git@github.com:hector-client/hector.git,./core,me.prettyprint.cassandra.dao.SimpleCassandraDaoTest.testInsertGetDelete
hector,9750f381caa386878ef3eb5509fd7594de8fe1ad,git@github.com:hector-client/hector.git,./core,me.prettyprint.hector.api.ApiV2SystemTest.testRangeSlicesQuery
hector,9750f381caa386878ef3eb5509fd7594de8fe1ad,git@github.com:hector-client/hector.git,./core,me.prettyprint.cassandra.service.CassandraAuthTest.testInsertAndGetAndRemove
hector,9750f381caa386878ef3eb5509fd7594de8fe1ad,git@github.com:hector-client/hector.git,./core,me.prettyprint.cassandra.model.MutatorTest.testBatchMutationManagement
hector,9750f381caa386878ef3eb5509fd7594de8fe1ad,git@github.com:hector-client/hector.git,./core,me.prettyprint.cassandra.connection.HThriftClientTest.testFailOnDoubleOpen
hector,9750f381caa386878ef3eb5509fd7594de8fe1ad,git@github.com:hector-client/hector.git,./core,me.prettyprint.hector.api.ApiV2SystemTest.testSubColumnQuery
hector,9750f381caa386878ef3eb5509fd7594de8fe1ad,git@github.com:hector-client/hector.git,./core,me.prettyprint.cassandra.model.MutatorTest.testInsertSuper
hector,9750f381caa386878ef3eb5509fd7594de8fe1ad,git@github.com:hector-client/hector.git,./object-mapper,me.prettyprint.hom.EntityManagerFactoryTest.testCloseEntityManagerFactory
hector,9750f381caa386878ef3eb5509fd7594de8fe1ad,git@github.com:hector-client/hector.git,./object-mapper,com.mycompany.furniture.FurnitureTest.testFurniture
hector,9750f381caa386878ef3eb5509fd7594de8fe1ad,git@github.com:hector-client/hector.git,./object-mapper,me.prettyprint.hom.ContainerInitalizationTest.testInjectEntityManager
hector,9750f381caa386878ef3eb5509fd7594de8fe1ad,git@github.com:hector-client/hector.git,./object-mapper,me.prettyprint.hom.EntityManagerTest.testInitializeSaveLoad
hector,9750f381caa386878ef3eb5509fd7594de8fe1ad,git@github.com:hector-client/hector.git,./object-mapper,me.prettyprint.hom.EntityManagerFactoryTest.testCreateEntityManager
ninja,28d0b5f692d1e73e62ff9556d2dea1e4560d6bc7,git@github.com:ninjaframework/ninja.git,./ninja-servlet-jpa-blog-integration-test,controllers.ApplicationControllerTest.testThatHomepageWorks
logback,16a26fdc6e144de18ee8805724ec7341d3bf06f3,git@github.com:qos-ch/logback.git,./logback-core,ch.qos.logback.core.FileAppenderResilienceTest.smoke
logback,16a26fdc6e144de18ee8805724ec7341d3bf06f3,git@github.com:qos-ch/logback.git,./logback-core,ch.qos.logback.core.net.AbstractSocketAppenderTest.addsInfoMessageWhenSocketConnectionClosed
assertj-core,aa90c2d3a757b67f6bd64ca82f9b9f15b1e1161c,git@github.com:joel-costigliola/assertj-core.git,.,org.assertj.core.api.date.DateAssert_with_string_based_date_representation_Test.date_assertion_should_support_timestamp_string_representation
httpcore,3a836a2d779e29495c1348c900aae91572b44d2a,git@github.com:apache/httpcore.git,./httpcore,org.apache.http.pool.TestConnPool.testStatefulConnectionRedistributionOnPerRouteMaxLimit
